Nombre, Apellidos, Telefono, Email 1, Email 2, Email 3 
Leroy  , Villanueva Haller  , 27831515  , LVill@gmail.com  , LVill@hotmail.com  , 
William  , Smith Brand  , 48577823  , WSmit@gmail.com  ,   , 
Anthony  , Hoeft Shepard  , 35391039  , AHoef@gmail.com  , AHoef@hotmail.com  , AHoef@yahoo.com
Ian  , Warner West  , 29262539  , IWarn@gmail.com  , IWarn@hotmail.com  , 
Michael  , Rose Groves  , 31907764  , MRose@gmail.com  ,   , 
Amanda  , Moore Harris  , 92307201  , AMoor@gmail.com  , AMoor@hotmail.com  , 
Doris  , Noy Allison  , 34045561  , DNoy @gmail.com  , DNoy @hotmail.com  , DNoy @yahoo.com
Angela  , Batiste Roth  , 37819135  , ABati@gmail.com  , ABati@hotmail.com  , ABati@yahoo.com
Scott  , Jordan Shelman  , 26728750  , SJord@gmail.com  , SJord@hotmail.com  , SJord@yahoo.com
Larry  , Basso Mcdaniel  , 44157547  , LBass@gmail.com  , LBass@hotmail.com  , LBass@yahoo.com
Roberta  , Lyons Harner  , 90350237  , RLyon@gmail.com  , RLyon@hotmail.com  , RLyon@yahoo.com
John  , Reeder Jones  , 31071897  , JReed@gmail.com  , JReed@hotmail.com  , JReed@yahoo.com
Jeanna  , Wright Cooper  , 87244997  , JWrig@gmail.com  ,   , 
Greg  , Morgan Gridley  , 37690395  , GMorg@gmail.com  , GMorg@hotmail.com  , 
